/*
 Navicat Premium Data Transfer

 Source Server         : 本机MySQL
 Source Server Type    : MySQL
 Source Server Version : 50719 (5.7.19)
 Source Host           : localhost:3306
 Source Schema         : sg_blog

 Target Server Type    : MySQL
 Target Server Version : 50719 (5.7.19)
 File Encoding         : 65001

 Date: 23/11/2024 19:41:33
*/

SET NAMES utf8mb4;
SET FOREIGN_KEY_CHECKS = 0;

-- ----------------------------
-- Table structure for sg_article
-- ----------------------------
DROP TABLE IF EXISTS `sg_article`;
CREATE TABLE `sg_article`  (
  `id` bigint(200) NOT NULL AUTO_INCREMENT,
  `title` varchar(256) CHARACTER SET utf8mb4 COLLATE utf8mb4_general_ci NULL DEFAULT NULL COMMENT '标题',
  `content` longtext CHARACTER SET utf8mb4 COLLATE utf8mb4_general_ci NULL COMMENT '文章内容',
  `summary` varchar(1024) CHARACTER SET utf8mb4 COLLATE utf8mb4_general_ci NULL DEFAULT NULL COMMENT '文章摘要',
  `category_id` bigint(20) NULL DEFAULT NULL COMMENT '所属分类id',
  `thumbnail` varchar(256) CHARACTER SET utf8mb4 COLLATE utf8mb4_general_ci NULL DEFAULT NULL COMMENT '缩略图',
  `is_top` char(1) CHARACTER SET utf8mb4 COLLATE utf8mb4_general_ci NULL DEFAULT '0' COMMENT '是否置顶（0否，1是）',
  `status` char(1) CHARACTER SET utf8mb4 COLLATE utf8mb4_general_ci NULL DEFAULT '1' COMMENT '状态（0已发布，1草稿）',
  `view_count` bigint(200) NULL DEFAULT 0 COMMENT '访问量',
  `is_comment` char(1) CHARACTER SET utf8mb4 COLLATE utf8mb4_general_ci NULL DEFAULT '1' COMMENT '是否允许评论 1是，0否',
  `create_by` bigint(20) NULL DEFAULT NULL,
  `create_time` datetime NULL DEFAULT NULL,
  `update_by` bigint(20) NULL DEFAULT NULL,
  `update_time` datetime NULL DEFAULT NULL,
  `del_flag` int(1) NULL DEFAULT 0 COMMENT '删除标志（0代表未删除，1代表已删除）',
  PRIMARY KEY (`id`) USING BTREE
) ENGINE = InnoDB AUTO_INCREMENT = 34 CHARACTER SET = utf8mb4 COLLATE = utf8mb4_general_ci COMMENT = '文章表' ROW_FORMAT = Dynamic;

-- ----------------------------
-- Records of sg_article
-- ----------------------------
INSERT INTO `sg_article` VALUES (1, 'SpringSecurity从入门到精通', '## 课程介绍\n![image20211219121555979.png](https://sg-blog-oss.oss-cn-beijing.aliyuncs.com/2022/01/31/e7131718e9e64faeaf3fe16404186eb4.png)\n\n## 0. 简介1\n\n​	**Spring Security** 是 Spring 家族中的一个安全管理框架。相比与另外一个安全框架**Shiro**，它提供了更丰富的功能，社区资源也比Shiro丰富。\n\n​	一般来说中大型的项目都是使用**SpringSecurity** 来做安全框架。小项目有Shiro的比较多，因为相比与SpringSecurity，Shiro的上手更加的简单。\n\n​	 一般Web应用的需要进行**认证**和**授权**。\n\n​		**认证：验证当前访问系统的是不是本系统的用户，并且要确认具体是哪个用户**\n\n​		**授权：经过认证后判断当前用户是否有权限进行某个操作**\n\n​	而认证和授权也是SpringSecurity作为安全框架的核心功能。\n\n\n\n## 1. 快速入门\n\n### 1.1 准备工作\n\n​	我们先要搭建一个简单的SpringBoot工程\n\n① 设置父工程 添加依赖\n\n~~~~\n    <parent>\n        <groupId>org.springframework.boot</groupId>\n        <artifactId>spring-boot-starter-parent</artifactId>\n        <version>2.5.0</version>\n    </parent>\n    <dependencies>\n        <dependency>\n            <groupId>org.springframework.boot</groupId>\n            <artifactId>spring-boot-starter-web</artifactId>\n        </dependency>\n        <dependency>\n            <groupId>org.projectlombok</groupId>\n            <artifactId>lombok</artifactId>\n            <optional>true</optional>\n        </dependency>\n    </dependencies>\n~~~~\n\n② 创建启动类\n\n~~~~\n@SpringBootApplication\npublic class SecurityApplication {\n\n    public static void main(String[] args) {\n        SpringApplication.run(SecurityApplication.class,args);\n    }\n}\n\n~~~~\n\n③ 创建Controller\n\n~~~~java\n\nimport org.springframework.web.bind.annotation.RequestMapping;\nimport org.springframework.web.bind.annotation.RestController;\n\n@RestController\npublic class HelloController {\n\n    @RequestMapping(\"/hello\")\n    public String hello(){\n        return \"hello\";\n    }\n}\n\n~~~~\n\n\n\n### 1.2 引入SpringSecurity\n\n​	在SpringBoot项目中使用SpringSecurity我们只需要引入依赖即可实现入门案例。\n\n~~~~xml\n        <dependency>\n            <groupId>org.springframework.boot</groupId>\n            <artifactId>spring-boot-starter-security</artifactId>\n        </dependency>\n~~~~\n\n​	引入依赖后我们在尝试去访问之前的接口就会自动跳转到一个SpringSecurity的默认登陆页面，默认用户名是user,密码会输出在控制台。\n\n​	必须登陆之后才能对接口进行访问。\n\n\n\n## 2. 认证\n\n### 2.1 登陆校验流程\n![image20211215094003288.png](https://sg-blog-oss.oss-cn-beijing.aliyuncs.com/2022/01/31/414a87eeed344828b5b00ffa80178958.png)', 'SpringSecurity框架教程-Spring Security+JWT实现项目级前端分离认证授权', 1, 'https://sg-blog-oss.oss-cn-beijing.aliyuncs.com/2022/01/31/948597e164614902ab1662ba8452e106.png', '1', '0', 120, '0', 1, '2022-01-23 23:20:11', 1, NULL, 1);
INSERT INTO `sg_article` VALUES (2, 'weq', 'adadaeqe', 'adad', 2, 'https://sg-blog-oss.oss-cn-beijing.aliyuncs.com/2022/01/15/fd2e9460c58a4af3bbeae5d9ed581688.png', '1', '0', 22, '0', NULL, '2022-01-21 14:58:30', NULL, NULL, 1);
INSERT INTO `sg_article` VALUES (3, 'dad', 'asdasda', 'sadad', 1, 'https://sg-blog-oss.oss-cn-beijing.aliyuncs.com/2022/01/15/737a0ed0b8ea430d8700a12e76aa1cd1.png', '1', '0', 33, '0', NULL, '2022-01-18 14:58:34', NULL, NULL, 1);
INSERT INTO `sg_article` VALUES (4, '测试文章', '这是一篇测试文章', '测试文章', 1, '', '1', '0', 19, '0', 1, '2024-05-17 07:41:36', 1, '2024-05-17 07:41:36', 0);
INSERT INTO `sg_article` VALUES (5, '测试标题666', '测试文章666', '测试文章666', 2, '', '1', '0', 0, '0', 1, '2024-05-18 02:38:46', 1, '2024-05-18 02:38:46', 0);
INSERT INTO `sg_article` VALUES (9, 'sss', 'dddd', 'ddd', 1, '', '1', '0', 0, '0', 1, '2024-05-18 02:59:55', 1, '2024-05-18 02:59:55', 1);
INSERT INTO `sg_article` VALUES (10, '测试文章', '测试哈哈哈', '测试555', 2, '', '1', '0', 3, '0', 1, '2024-05-18 03:04:15', 1, '2024-05-18 03:04:15', 0);
INSERT INTO `sg_article` VALUES (30, '修改文章', 'ggg', '修改文章测试', 1, 'https://lonelykky.oss-cn-shanghai.aliyuncs.com/33d597b0-c1b0-4c5a-8406-67d6913fee27.jfif', '1', '0', 4, '0', 1, '2024-05-18 07:46:41', NULL, '2024-05-18 08:10:32', 0);
INSERT INTO `sg_article` VALUES (31, '图片测试', 'ggg\n![OIPC.jpg](https://lonelykky.oss-cn-shanghai.aliyuncs.com/26457cae-dfa9-4ea0-bc6b-94feacfb492e.jpg)', 'ggg', 1, 'https://lonelykky.oss-cn-shanghai.aliyuncs.com/7f0aa992-f9e0-45b6-b765-6f3854aa162e.jpg', '1', '0', 1, '0', 1, '2024-05-18 07:52:16', 1, '2024-05-18 07:52:16', 0);
INSERT INTO `sg_article` VALUES (32, '写后端项目时上传文件接口使用阿里云oss-规范写法', '@[TOC]\n# 开通对象存储服务\n![1.png](https://lonelykky.oss-cn-shanghai.aliyuncs.com/739f61be-6fc8-4e38-8dbf-925170ae243c.png)\n在对象存储oss创建Bucket列表，详细流程去网上可以看教程。\n# 密钥管理\n## 点击头像点击密钥管理\n![2.png](https://lonelykky.oss-cn-shanghai.aliyuncs.com/f1c29b0b-0c63-4434-ac9a-fe19c173aef9.png)\n## 创建新密钥AccessKey\n![3.png](https://lonelykky.oss-cn-shanghai.aliyuncs.com/0090fe21-0719-4284-9748-454177373e1c.png)\n验证后会给你一个AccessKey ID和AccessKey Secret，把他复制好记录在记事本上。\n# 写在yml配置文件中\n![3.png](https://lonelykky.oss-cn-shanghai.aliyuncs.com/ad495ba3-5d4e-4fb1-a171-f06cb880ab42.png)\n~~~yml\n#阿里云oss配置\nalioss:\n  endpoint: oss-cn-shanghai.aliyuncs.com\n  access-key-id: LTAI5tKXTEM5sNWAMd5H2j5LGz\n  access-key-secret: TDSTJK2SJ7UGyepbruIxEXWZ2LZsq8T7\n  bucket-name: lonelykky\n  ~~~\n  在这里写你刚刚复制的id和secret\n  # 相关配置\n  ## 1.pom依赖\n  导入阿里云相关依赖\n  ~~~xml\n   <!--阿里云OSS-->\n            <dependency>\n                <groupId>com.aliyun.oss</groupId>\n                <artifactId>aliyun-sdk-oss</artifactId>\n                <version>3.10.2</version>\n            </dependency>\n            <dependency>\n                <groupId>javax.xml.bind</groupId>\n                <artifactId>jaxb-api</artifactId>\n                <version>2.3.1</version>\n            </dependency>\n            <dependency>\n            		<groupId>org.springframework.boot</groupId>\n            		<artifactId>spring-boot-configuration-processor</artifactId>\n            		<optional>true</optional>\n       	 </dependency>\n~~~\n## 2.全局配置类\n写入OssConfiguration 创建oss对象\n~~~java\n@Configuration\n@Slf4j\npublic class OssConfiguration {\n\n    @Bean\n    public AliOssUtil aliOssUtil(AliOssProperties aliOssProperties) {\n        log.info(\"开始创建阿里云文件oss对象\");\n        return new AliOssUtil(aliOssProperties.getEndpoint(),\n                aliOssProperties.getAccessKeyId(),\n                aliOssProperties.getAccessKeySecret(),\n                aliOssProperties.getBucketName());\n    }\n}\n~~~\n## 3.AliOssUtil 工具类\n~~~java\n@Data\n@AllArgsConstructor\n@Slf4j\npublic class AliOssUtil {\n\n    private String endpoint;\n    private String accessKeyId;\n    private String accessKeySecret;\n    private String bucketName;\n\n    /**\n     * 文件上传\n     *\n     * @param bytes\n     * @param objectName\n     * @return\n     */\n    public String upload(byte[] bytes, String objectName) {\n\n        // 创建OSSClient实例。\n        OSS ossClient = new OSSClientBuilder().build(endpoint, accessKeyId, accessKeySecret);\n\n        try {\n            // 创建PutObject请求。\n            ossClient.putObject(bucketName, objectName, new ByteArrayInputStream(bytes));\n        } catch (OSSException oe) {\n            System.out.println(\"Caught an OSSException, which means your request made it to OSS, \"\n                    + \"but was rejected with an error response for some reason.\");\n            System.out.println(\"Error Message:\" + oe.getErrorMessage());\n            System.out.println(\"Error Code:\" + oe.getErrorCode());\n            System.out.println(\"Request ID:\" + oe.getRequestId());\n            System.out.println(\"Host ID:\" + oe.getHostId());\n        } catch (ClientException ce) {\n            System.out.println(\"Caught an ClientException, which means the client encountered \"\n                    + \"a serious internal problem while trying to communicate with OSS, \"\n                    + \"such as not being able to access the network.\");\n            System.out.println(\"Error Message:\" + ce.getMessage());\n        } finally {\n            if (ossClient != null) {\n                ossClient.shutdown();\n            }\n        }\n\n        //文件访问路径规则 https://BucketName.Endpoint/ObjectName\n        StringBuilder stringBuilder = new StringBuilder(\"https://\");\n        stringBuilder\n                .append(bucketName)\n                .append(\".\")\n                .append(endpoint)\n                .append(\"/\")\n                .append(objectName);\n\n        log.info(\"文件上传到:{}\", stringBuilder.toString());\n\n        return stringBuilder.toString();\n    }\n}\n~~~\n## 3.AliOssProperties类，用于读取yml文件中写入的密钥\n~~~java\nimport lombok.Data;\nimport org.springframework.boot.context.properties.ConfigurationProperties;\nimport org.springframework.stereotype.Component;\n\n@Component\n@ConfigurationProperties(prefix = \"alioss\")\n@Data\npublic class AliOssProperties {\n\n    private String endpoint;\n    private String accessKeyId;\n    private String accessKeySecret;\n    private String bucketName;\n\n}\n~~~\n## 4.controller层，用于写传输文件的接口\n~~~java\npackage com.kkk.controller;\n\nimport com.kkk.common.utils.AliOssUtil;\nimport com.kkk.common.utils.Result;\nimport com.kkk.service.UploadService;\nimport lombok.extern.slf4j.Slf4j;\nimport org.springframework.beans.factory.annotation.Autowired;\nimport org.springframework.web.bind.annotation.PostMapping;\nimport org.springframework.web.bind.annotation.RequestMapping;\nimport org.springframework.web.bind.annotation.RestController;\nimport org.springframework.web.multipart.MultipartFile;\n\nimport java.io.IOException;\nimport java.util.UUID;\n\n/**\n * 文件上传\n * @author lonelykkk\n * @email 2765314967@qq.com\n * @date 2024/5/15 9:12\n * @Version V1.0\n */\n@RestController\n@Slf4j\npublic class UploadController {\n    @Autowired\n    private AliOssUtil aliOssUtil;\n    @PostMapping(\"/upload\")\n    public Result upload(MultipartFile img) {\n        log.info(\"file：{}\", img);\n        try {\n            //原始文件名\n            String originalFilename = img.getOriginalFilename();\n            //截取原始文件名的后缀   dfdfdf.png\n            String extension = originalFilename.substring(originalFilename.lastIndexOf(\".\"));\n            //构造新文件名称\n            String objectName = UUID.randomUUID().toString() + extension;\n\n            //文件的请求路径\n            String filePath = aliOssUtil.upload(img.getBytes(), objectName);\n            return Result.okResult(filePath);\n        } catch (IOException e) {\n            log.error(\"文件上传失败：{}\", e);\n        }\n        return Result.errorResult(507, \"文件上传失败\");\n    }\n}\n~~~\n接下来就可以根据请求路径上传文件了。', '写后端项目时上传文件接口使用阿里云oss-规范写法', 1, 'https://lonelykky.oss-cn-shanghai.aliyuncs.com/b4334c22-2d87-4be4-ab14-bc39f3d6458e.jfif', '1', '0', 249, '0', 1, '2024-05-18 15:46:57', 1, '2024-05-18 15:48:20', 0);
INSERT INTO `sg_article` VALUES (33, '', '![Cache_280af254c8ea39e4..jpg](https://lonelykky.oss-cn-shanghai.aliyuncs.com/62ef84d4-ad70-4aea-8ade-b9d288d597c6.jpg)', NULL, NULL, 'https://lonelykky.oss-cn-shanghai.aliyuncs.com/9983f9b0-7855-47f6-8e56-544645430ecc.jpg', '1', '1', 0, '0', 1, '2024-05-18 16:05:13', 1, '2024-05-18 16:05:13', 0);

-- ----------------------------
-- Table structure for sg_article_tag
-- ----------------------------
DROP TABLE IF EXISTS `sg_article_tag`;
CREATE TABLE `sg_article_tag`  (
  `article_id` bigint(20) NOT NULL COMMENT '文章id',
  `tag_id` bigint(20) NOT NULL DEFAULT 0 COMMENT '标签id'
) ENGINE = InnoDB CHARACTER SET = utf8mb4 COLLATE = utf8mb4_general_ci COMMENT = '文章标签关联表' ROW_FORMAT = Dynamic;

-- ----------------------------
-- Records of sg_article_tag
-- ----------------------------
INSERT INTO `sg_article_tag` VALUES (1, 4);
INSERT INTO `sg_article_tag` VALUES (1, 13);
INSERT INTO `sg_article_tag` VALUES (2, 1);
INSERT INTO `sg_article_tag` VALUES (2, 4);
INSERT INTO `sg_article_tag` VALUES (3, 4);
INSERT INTO `sg_article_tag` VALUES (3, 5);
INSERT INTO `sg_article_tag` VALUES (4, 4);
INSERT INTO `sg_article_tag` VALUES (5, 5);
INSERT INTO `sg_article_tag` VALUES (6, 1);
INSERT INTO `sg_article_tag` VALUES (7, 4);
INSERT INTO `sg_article_tag` VALUES (8, 5);
INSERT INTO `sg_article_tag` VALUES (9, 1);
INSERT INTO `sg_article_tag` VALUES (9, 4);
INSERT INTO `sg_article_tag` VALUES (9, 13);
INSERT INTO `sg_article_tag` VALUES (31, 4);
INSERT INTO `sg_article_tag` VALUES (31, 5);
INSERT INTO `sg_article_tag` VALUES (31, 13);
INSERT INTO `sg_article_tag` VALUES (30, 4);
INSERT INTO `sg_article_tag` VALUES (30, 13);
INSERT INTO `sg_article_tag` VALUES (32, 4);

-- ----------------------------
-- Table structure for sg_category
-- ----------------------------
DROP TABLE IF EXISTS `sg_category`;
CREATE TABLE `sg_category`  (
  `id` bigint(200) NOT NULL AUTO_INCREMENT,
  `name` varchar(128) CHARACTER SET utf8mb4 COLLATE utf8mb4_general_ci NULL DEFAULT NULL COMMENT '分类名',
  `pid` bigint(200) NULL DEFAULT -1 COMMENT '父分类id，如果没有父分类为-1',
  `description` varchar(512) CHARACTER SET utf8mb4 COLLATE utf8mb4_general_ci NULL DEFAULT NULL COMMENT '描述',
  `status` char(1) CHARACTER SET utf8mb4 COLLATE utf8mb4_general_ci NULL DEFAULT '0' COMMENT '状态0:正常,1禁用',
  `create_by` bigint(200) NULL DEFAULT NULL,
  `create_time` datetime NULL DEFAULT NULL,
  `update_by` bigint(200) NULL DEFAULT NULL,
  `update_time` datetime NULL DEFAULT NULL,
  `del_flag` int(11) NULL DEFAULT 0 COMMENT '删除标志（0代表未删除，1代表已删除）',
  PRIMARY KEY (`id`) USING BTREE
) ENGINE = InnoDB AUTO_INCREMENT = 4 CHARACTER SET = utf8mb4 COLLATE = utf8mb4_general_ci COMMENT = '分类表' ROW_FORMAT = Dynamic;

-- ----------------------------
-- Records of sg_category
-- ----------------------------
INSERT INTO `sg_category` VALUES (1, 'java', -1, 'wsd', '0', NULL, NULL, NULL, NULL, 0);
INSERT INTO `sg_category` VALUES (2, 'PHP', -1, 'wsd', '0', NULL, NULL, NULL, NULL, 0);
INSERT INTO `sg_category` VALUES (3, '算法', -1, '算法555', '0', 1, '2024-05-18 12:30:03', NULL, '2024-05-18 12:36:59', 0);

-- ----------------------------
-- Table structure for sg_comment
-- ----------------------------
DROP TABLE IF EXISTS `sg_comment`;
CREATE TABLE `sg_comment`  (
  `id` bigint(20) NOT NULL AUTO_INCREMENT,
  `type` char(1) CHARACTER SET utf8mb4 COLLATE utf8mb4_general_ci NULL DEFAULT '0' COMMENT '评论类型（0代表文章评论，1代表友链评论）',
  `article_id` bigint(20) NULL DEFAULT NULL COMMENT '文章id',
  `root_id` bigint(20) NULL DEFAULT -1 COMMENT '根评论id',
  `content` varchar(512) CHARACTER SET utf8mb4 COLLATE utf8mb4_general_ci NULL DEFAULT NULL COMMENT '评论内容',
  `to_comment_user_id` bigint(20) NULL DEFAULT -1 COMMENT '所回复的目标评论的userid',
  `to_comment_id` bigint(20) NULL DEFAULT -1 COMMENT '回复目标评论id',
  `create_by` bigint(20) NULL DEFAULT NULL,
  `create_time` datetime NULL DEFAULT NULL,
  `update_by` bigint(20) NULL DEFAULT NULL,
  `update_time` datetime NULL DEFAULT NULL,
  `del_flag` int(1) NULL DEFAULT 0 COMMENT '删除标志（0代表未删除，1代表已删除）',
  PRIMARY KEY (`id`) USING BTREE
) ENGINE = InnoDB AUTO_INCREMENT = 68 CHARACTER SET = utf8mb4 COLLATE = utf8mb4_general_ci COMMENT = '评论表' ROW_FORMAT = Dynamic;

-- ----------------------------
-- Records of sg_comment
-- ----------------------------
INSERT INTO `sg_comment` VALUES (1, '0', 1, -1, 'asS', -1, -1, 1, '2022-01-29 07:59:22', 1, '2022-01-29 07:59:22', 0);
INSERT INTO `sg_comment` VALUES (2, '0', 1, -1, '[哈哈]SDAS', -1, -1, 1, '2022-01-29 08:01:24', 1, '2022-01-29 08:01:24', 0);
INSERT INTO `sg_comment` VALUES (3, '0', 1, -1, '是大多数', -1, -1, 1, '2022-01-29 16:07:24', 1, '2022-01-29 16:07:24', 0);
INSERT INTO `sg_comment` VALUES (4, '0', 1, -1, '撒大声地', -1, -1, 1, '2022-01-29 16:12:09', 1, '2022-01-29 16:12:09', 0);
INSERT INTO `sg_comment` VALUES (5, '0', 1, -1, '你再说什么', -1, -1, 1, '2022-01-29 18:19:56', 1, '2022-01-29 18:19:56', 0);
INSERT INTO `sg_comment` VALUES (6, '0', 1, -1, 'hffd', -1, -1, 1, '2022-01-29 22:13:52', 1, '2022-01-29 22:13:52', 0);
INSERT INTO `sg_comment` VALUES (9, '0', 1, 2, '你说什么', 1, 2, 1, '2022-01-29 22:18:40', 1, '2022-01-29 22:18:40', 0);
INSERT INTO `sg_comment` VALUES (10, '0', 1, 2, '哈哈哈哈[哈哈]', 1, 9, 1, '2022-01-29 22:29:15', 1, '2022-01-29 22:29:15', 0);
INSERT INTO `sg_comment` VALUES (11, '0', 1, 2, 'we全文', 1, 10, 3, '2022-01-29 22:29:55', 1, '2022-01-29 22:29:55', 0);
INSERT INTO `sg_comment` VALUES (12, '0', 1, -1, '王企鹅', -1, -1, 1, '2022-01-29 22:30:20', 1, '2022-01-29 22:30:20', 0);
INSERT INTO `sg_comment` VALUES (13, '0', 1, -1, '什么阿是', -1, -1, 1, '2022-01-29 22:30:56', 1, '2022-01-29 22:30:56', 0);
INSERT INTO `sg_comment` VALUES (14, '0', 1, -1, '新平顶山', -1, -1, 1, '2022-01-29 22:32:51', 1, '2022-01-29 22:32:51', 0);
INSERT INTO `sg_comment` VALUES (15, '0', 1, -1, '2222', -1, -1, 1, '2022-01-29 22:34:38', 1, '2022-01-29 22:34:38', 0);
INSERT INTO `sg_comment` VALUES (16, '0', 1, 2, '3333', 1, 11, 1, '2022-01-29 22:34:47', 1, '2022-01-29 22:34:47', 0);
INSERT INTO `sg_comment` VALUES (17, '0', 1, 2, '回复weqedadsd', 3, 11, 1, '2022-01-29 22:38:00', 1, '2022-01-29 22:38:00', 0);
INSERT INTO `sg_comment` VALUES (18, '0', 1, -1, 'sdasd', -1, -1, 1, '2022-01-29 23:18:19', 1, '2022-01-29 23:18:19', 0);
INSERT INTO `sg_comment` VALUES (19, '0', 1, -1, '111', -1, -1, 1, '2022-01-29 23:22:23', 1, '2022-01-29 23:22:23', 0);
INSERT INTO `sg_comment` VALUES (20, '0', 1, 1, '你说啥？', 1, 1, 1, '2022-01-30 10:06:21', 1, '2022-01-30 10:06:21', 0);
INSERT INTO `sg_comment` VALUES (21, '0', 1, -1, '友链添加个呗', -1, -1, 1, '2022-01-30 10:06:50', 1, '2022-01-30 10:06:50', 0);
INSERT INTO `sg_comment` VALUES (22, '1', 1, -1, '友链评论2', -1, -1, 1, '2022-01-30 10:08:28', 1, '2022-01-30 10:08:28', 0);
INSERT INTO `sg_comment` VALUES (23, '1', 1, 22, '回复友链评论3', 1, 22, 1, '2022-01-30 10:08:50', 1, '2022-01-30 10:08:50', 0);
INSERT INTO `sg_comment` VALUES (24, '1', 1, -1, '友链评论4444', -1, -1, 1, '2022-01-30 10:09:03', 1, '2022-01-30 10:09:03', 0);
INSERT INTO `sg_comment` VALUES (25, '1', 1, 22, '收到的', 1, 22, 1, '2022-01-30 10:13:28', 1, '2022-01-30 10:13:28', 0);
INSERT INTO `sg_comment` VALUES (26, '0', 1, -1, 'sda', -1, -1, 1, '2022-01-30 10:39:05', 1, '2022-01-30 10:39:05', 0);
INSERT INTO `sg_comment` VALUES (27, '0', 1, 1, '说你咋地', 1, 20, 14787164048662, '2022-01-30 17:19:30', 14787164048662, '2022-01-30 17:19:30', 0);
INSERT INTO `sg_comment` VALUES (28, '0', 1, 1, 'sdad', 1, 1, 14787164048662, '2022-01-31 11:11:20', 14787164048662, '2022-01-31 11:11:20', 0);
INSERT INTO `sg_comment` VALUES (29, '0', 1, -1, '你说是的ad', -1, -1, 14787164048662, '2022-01-31 14:10:11', 14787164048662, '2022-01-31 14:10:11', 0);
INSERT INTO `sg_comment` VALUES (30, '0', 1, 1, '撒大声地', 1, 1, 14787164048662, '2022-01-31 20:19:18', 14787164048662, '2022-01-31 20:19:18', 0);
INSERT INTO `sg_comment` VALUES (46, '0', 1, 1, '666', 1, 1, 1, '2024-05-15 08:36:49', 1, '2024-05-15 08:36:49', 0);
INSERT INTO `sg_comment` VALUES (47, '0', 5, -1, '555', -1, -1, 1, '2024-05-15 08:37:04', 1, '2024-05-15 08:37:04', 0);
INSERT INTO `sg_comment` VALUES (48, '0', 5, -1, '5555', -1, -1, 1, '2024-05-15 08:37:35', 1, '2024-05-15 08:37:35', 0);
INSERT INTO `sg_comment` VALUES (49, '1', 1, -1, '5555', -1, -1, 1, '2024-05-15 08:37:40', 1, '2024-05-15 08:37:40', 0);
INSERT INTO `sg_comment` VALUES (50, '1', 1, -1, 'ssss', -1, -1, 1, '2024-05-15 08:39:58', 1, '2024-05-15 08:39:58', 0);
INSERT INTO `sg_comment` VALUES (51, '1', 1, 22, 'nbnb\n', 1, 22, 1, '2024-05-15 09:10:08', 1, '2024-05-15 09:10:08', 0);
INSERT INTO `sg_comment` VALUES (52, '0', 5, 47, '测试评论[嘻嘻]', 1, 47, 1, '2024-05-15 09:10:33', 1, '2024-05-15 09:10:33', 0);
INSERT INTO `sg_comment` VALUES (53, '0', 1, 1, '[嘻嘻][嘻嘻][嘻嘻][嘻嘻][嘻嘻][嘻嘻][可怜][可怜][可怜]', 1, 1, 14787164048664, '2024-05-15 15:19:44', 14787164048664, '2024-05-15 15:19:44', 0);
INSERT INTO `sg_comment` VALUES (54, '0', 1, 1, '[泪][泪][泪][泪][泪][泪][泪]', 1, 1, 14787164048664, '2024-05-16 08:59:48', 14787164048664, '2024-05-16 08:59:48', 0);
INSERT INTO `sg_comment` VALUES (55, '0', 1, -1, 'kkkk', -1, -1, 1, '2024-05-16 20:29:17', 1, '2024-05-16 20:29:17', 0);
INSERT INTO `sg_comment` VALUES (56, '0', 31, -1, '666', -1, -1, 1, '2024-05-18 15:52:47', 1, '2024-05-18 15:52:47', 0);
INSERT INTO `sg_comment` VALUES (59, '0', 4, -1, '666', -1, -1, 1, '2024-05-19 10:21:38', 1, '2024-05-19 10:21:38', 0);
INSERT INTO `sg_comment` VALUES (64, '0', 4, -1, '[嘻嘻][嘻嘻]', -1, -1, 10, '2024-05-19 10:31:14', 10, '2024-05-19 10:31:14', 0);
INSERT INTO `sg_comment` VALUES (65, '0', 32, -1, 'hhh', -1, -1, 10, '2024-05-19 10:43:53', 10, '2024-05-19 10:43:53', 0);
INSERT INTO `sg_comment` VALUES (66, '0', 32, 65, '写的真好，爱了爱了', 10, 65, 10, '2024-05-19 10:44:30', 10, '2024-05-19 10:44:30', 0);
INSERT INTO `sg_comment` VALUES (67, '0', 32, -1, '写的真好[哈哈]', -1, -1, 1, '2024-05-19 13:03:16', 1, '2024-05-19 13:03:16', 0);

-- ----------------------------
-- Table structure for sg_link
-- ----------------------------
DROP TABLE IF EXISTS `sg_link`;
CREATE TABLE `sg_link`  (
  `id` bigint(20) NOT NULL AUTO_INCREMENT,
  `name` varchar(256) CHARACTER SET utf8mb4 COLLATE utf8mb4_general_ci NULL DEFAULT NULL,
  `logo` varchar(256) CHARACTER SET utf8mb4 COLLATE utf8mb4_general_ci NULL DEFAULT NULL,
  `description` varchar(512) CHARACTER SET utf8mb4 COLLATE utf8mb4_general_ci NULL DEFAULT NULL,
  `address` varchar(128) CHARACTER SET utf8mb4 COLLATE utf8mb4_general_ci NULL DEFAULT NULL COMMENT '网站地址',
  `status` char(1) CHARACTER SET utf8mb4 COLLATE utf8mb4_general_ci NULL DEFAULT '2' COMMENT '审核状态 (0代表审核通过，1代表审核未通过，2代表未审核)',
  `create_by` bigint(20) NULL DEFAULT NULL,
  `create_time` datetime NULL DEFAULT NULL,
  `update_by` bigint(20) NULL DEFAULT NULL,
  `update_time` datetime NULL DEFAULT NULL,
  `del_flag` int(1) NULL DEFAULT 0 COMMENT '删除标志（0代表未删除，1代表已删除）',
  PRIMARY KEY (`id`) USING BTREE
) ENGINE = InnoDB AUTO_INCREMENT = 5 CHARACTER SET = utf8mb4 COLLATE = utf8mb4_general_ci COMMENT = '友链' ROW_FORMAT = Dynamic;

-- ----------------------------
-- Records of sg_link
-- ----------------------------
INSERT INTO `sg_link` VALUES (1, 'sda', 'https://gimg2.baidu.com/image_search/src=http%3A%2F%2Fn1.itc.cn%2Fimg8%2Fwb%2Frecom%2F2016%2F05%2F10%2F146286696706220328.PNG&refer=http%3A%2F%2Fn1.itc.cn&app=2002&size=f9999,10000&q=a80&n=0&g=0n&fmt=jpeg?sec=1646205529&t=f942665181eb9b0685db7a6f59d59975', 'sda', 'https://www.baidu.com', '0', NULL, '2022-01-13 08:25:47', NULL, '2024-05-18 15:15:50', 0);
INSERT INTO `sg_link` VALUES (2, 'sda', 'https://gimg2.baidu.com/image_search/src=http%3A%2F%2Fn1.itc.cn%2Fimg8%2Fwb%2Frecom%2F2016%2F05%2F10%2F146286696706220328.PNG&refer=http%3A%2F%2Fn1.itc.cn&app=2002&size=f9999,10000&q=a80&n=0&g=0n&fmt=jpeg?sec=1646205529&t=f942665181eb9b0685db7a6f59d59975', 'dada', 'https://www.qq.com', '1', NULL, '2022-01-13 09:06:10', NULL, '2022-01-13 09:07:09', 1);
INSERT INTO `sg_link` VALUES (3, 'github', 'https://th.bing.com/th/id/OIP.GHPQTvkT3TqCadzvWvCZFgHaGs?rs=1&pid=ImgDetMain', '代码托管', 'https://github.com/', '0', NULL, '2022-01-13 09:23:01', NULL, '2024-05-18 15:15:46', 0);
INSERT INTO `sg_link` VALUES (4, 'CSDN', 'https://10.idqqimg.com/eth/ajNVdqHZLLB1puwajjqxNicFpE1wJA0ecIw8s3ccgqshT2UAHEqyibeyoOhUyBC6ULSRaMuMibJEmc/', '专业开发者社区', 'https://www.csdn.net/', '0', 1, '2024-05-18 12:56:46', 1, '2024-05-18 15:12:04', 0);

-- ----------------------------
-- Table structure for sg_tag
-- ----------------------------
DROP TABLE IF EXISTS `sg_tag`;
CREATE TABLE `sg_tag`  (
  `id` bigint(20) NOT NULL AUTO_INCREMENT,
  `name` varchar(128) CHARACTER SET utf8mb4 COLLATE utf8mb4_general_ci NULL DEFAULT NULL COMMENT '标签名',
  `create_by` bigint(20) NULL DEFAULT NULL,
  `create_time` datetime NULL DEFAULT NULL,
  `update_by` bigint(20) NULL DEFAULT NULL,
  `update_time` datetime NULL DEFAULT NULL,
  `del_flag` int(1) NULL DEFAULT 0 COMMENT '删除标志（0代表未删除，1代表已删除）',
  `remark` varchar(500) CHARACTER SET utf8mb4 COLLATE utf8mb4_general_ci NULL DEFAULT NULL COMMENT '备注',
  PRIMARY KEY (`id`) USING BTREE
) ENGINE = InnoDB AUTO_INCREMENT = 14 CHARACTER SET = utf8mb4 COLLATE = utf8mb4_general_ci COMMENT = '标签' ROW_FORMAT = Dynamic;

-- ----------------------------
-- Records of sg_tag
-- ----------------------------
INSERT INTO `sg_tag` VALUES (1, 'Mybatis', NULL, NULL, NULL, '2022-01-11 09:20:50', 0, 'weqwe');
INSERT INTO `sg_tag` VALUES (2, 'asdas', NULL, '2022-01-11 09:20:55', NULL, '2022-01-11 09:20:55', 1, 'weqw');
INSERT INTO `sg_tag` VALUES (3, 'weqw', NULL, '2022-01-11 09:21:07', NULL, '2022-01-11 09:21:07', 1, 'qweqwe');
INSERT INTO `sg_tag` VALUES (4, 'Java', NULL, '2022-01-13 15:22:43', NULL, '2022-01-13 15:22:43', 0, 'sdad');
INSERT INTO `sg_tag` VALUES (5, 'WAD', NULL, '2022-01-13 15:22:47', 1, '2024-05-16 13:13:42', 0, '测试666');
INSERT INTO `sg_tag` VALUES (12, 'php', NULL, NULL, NULL, NULL, 1, 'sss');
INSERT INTO `sg_tag` VALUES (13, '前端', 1, '2024-05-16 12:37:43', 1, '2024-05-16 12:37:43', 0, '已死');

-- ----------------------------
-- Table structure for sys_menu
-- ----------------------------
DROP TABLE IF EXISTS `sys_menu`;
CREATE TABLE `sys_menu`  (
  `id` bigint(20) NOT NULL AUTO_INCREMENT COMMENT '菜单ID',
  `menu_name` varchar(50) CHARACTER SET utf8 COLLATE utf8_general_ci NOT NULL COMMENT '菜单名称',
  `parent_id` bigint(20) NULL DEFAULT 0 COMMENT '父菜单ID',
  `order_num` int(4) NULL DEFAULT 0 COMMENT '显示顺序',
  `path` varchar(200) CHARACTER SET utf8 COLLATE utf8_general_ci NULL DEFAULT '' COMMENT '路由地址',
  `component` varchar(255) CHARACTER SET utf8 COLLATE utf8_general_ci NULL DEFAULT NULL COMMENT '组件路径',
  `is_frame` int(1) NULL DEFAULT 1 COMMENT '是否为外链（0是 1否）',
  `menu_type` char(1) CHARACTER SET utf8 COLLATE utf8_general_ci NULL DEFAULT '' COMMENT '菜单类型（M目录 C菜单 F按钮）',
  `visible` char(1) CHARACTER SET utf8 COLLATE utf8_general_ci NULL DEFAULT '0' COMMENT '菜单状态（0显示 1隐藏）',
  `status` char(1) CHARACTER SET utf8 COLLATE utf8_general_ci NULL DEFAULT '0' COMMENT '菜单状态（0正常 1停用）',
  `perms` varchar(100) CHARACTER SET utf8 COLLATE utf8_general_ci NULL DEFAULT NULL COMMENT '权限标识',
  `icon` varchar(100) CHARACTER SET utf8 COLLATE utf8_general_ci NULL DEFAULT '#' COMMENT '菜单图标',
  `create_by` bigint(20) NULL DEFAULT NULL COMMENT '创建者',
  `create_time` datetime NULL DEFAULT NULL COMMENT '创建时间',
  `update_by` bigint(20) NULL DEFAULT NULL COMMENT '更新者',
  `update_time` datetime NULL DEFAULT NULL COMMENT '更新时间',
  `remark` varchar(500) CHARACTER SET utf8 COLLATE utf8_general_ci NULL DEFAULT '' COMMENT '备注',
  `del_flag` char(1) CHARACTER SET utf8 COLLATE utf8_general_ci NULL DEFAULT '0',
  PRIMARY KEY (`id`) USING BTREE
) ENGINE = InnoDB AUTO_INCREMENT = 2030 CHARACTER SET = utf8 COLLATE = utf8_general_ci COMMENT = '菜单权限表' ROW_FORMAT = Dynamic;

-- ----------------------------
-- Records of sys_menu
-- ----------------------------
INSERT INTO `sys_menu` VALUES (1, '系统管理', 0, 1, 'system', NULL, 1, 'M', '0', '0', '', 'system', 0, '2021-11-12 10:46:19', 0, NULL, '系统管理目录', '0');
INSERT INTO `sys_menu` VALUES (100, '用户管理', 1, 1, 'user', 'system/user/index', 1, 'C', '0', '0', 'system:user:list', 'user', 0, '2021-11-12 10:46:19', 1, '2022-07-31 15:47:58', '用户管理菜单', '0');
INSERT INTO `sys_menu` VALUES (101, '角色管理', 1, 2, 'role', 'system/role/index', 1, 'C', '0', '0', 'system:role:list', 'peoples', 0, '2021-11-12 10:46:19', 0, NULL, '角色管理菜单', '0');
INSERT INTO `sys_menu` VALUES (102, '菜单管理', 1, 3, 'menu', 'system/menu/index', 1, 'C', '0', '0', 'system:menu:list', 'tree-table', 0, '2021-11-12 10:46:19', 0, NULL, '菜单管理菜单', '0');
INSERT INTO `sys_menu` VALUES (1001, '用户查询', 100, 1, '', '', 1, 'F', '0', '0', 'system:user:query', '#', 0, '2021-11-12 10:46:19', 0, NULL, '', '0');
INSERT INTO `sys_menu` VALUES (1002, '用户新增', 100, 2, '', '', 1, 'F', '0', '0', 'system:user:add', '#', 0, '2021-11-12 10:46:19', 0, NULL, '', '0');
INSERT INTO `sys_menu` VALUES (1003, '用户修改', 100, 3, '', '', 1, 'F', '0', '0', 'system:user:edit', '#', 0, '2021-11-12 10:46:19', 0, NULL, '', '0');
INSERT INTO `sys_menu` VALUES (1004, '用户删除', 100, 4, '', '', 1, 'F', '0', '0', 'system:user:remove', '#', 0, '2021-11-12 10:46:19', 0, NULL, '', '0');
INSERT INTO `sys_menu` VALUES (1005, '用户导出', 100, 5, '', '', 1, 'F', '0', '0', 'system:user:export', '#', 0, '2021-11-12 10:46:19', 0, NULL, '', '0');
INSERT INTO `sys_menu` VALUES (1006, '用户导入', 100, 6, '', '', 1, 'F', '0', '0', 'system:user:import', '#', 0, '2021-11-12 10:46:19', 0, NULL, '', '0');
INSERT INTO `sys_menu` VALUES (1007, '重置密码', 100, 7, '', '', 1, 'F', '0', '0', 'system:user:resetPwd', '#', 0, '2021-11-12 10:46:19', 0, NULL, '', '0');
INSERT INTO `sys_menu` VALUES (1008, '角色查询', 101, 1, '', '', 1, 'F', '0', '0', 'system:role:query', '#', 0, '2021-11-12 10:46:19', 0, NULL, '', '0');
INSERT INTO `sys_menu` VALUES (1009, '角色新增', 101, 2, '', '', 1, 'F', '0', '0', 'system:role:add', '#', 0, '2021-11-12 10:46:19', 0, NULL, '', '0');
INSERT INTO `sys_menu` VALUES (1010, '角色修改', 101, 3, '', '', 1, 'F', '0', '0', 'system:role:edit', '#', 0, '2021-11-12 10:46:19', 0, NULL, '', '0');
INSERT INTO `sys_menu` VALUES (1011, '角色删除', 101, 4, '', '', 1, 'F', '0', '0', 'system:role:remove', '#', 0, '2021-11-12 10:46:19', 0, NULL, '', '0');
INSERT INTO `sys_menu` VALUES (1012, '角色导出', 101, 5, '', '', 1, 'F', '0', '0', 'system:role:export', '#', 0, '2021-11-12 10:46:19', 0, NULL, '', '0');
INSERT INTO `sys_menu` VALUES (1013, '菜单查询', 102, 1, '', '', 1, 'F', '0', '0', 'system:menu:query', '#', 0, '2021-11-12 10:46:19', 0, NULL, '', '0');
INSERT INTO `sys_menu` VALUES (1014, '菜单新增', 102, 2, '', '', 1, 'F', '0', '0', 'system:menu:add', '#', 0, '2021-11-12 10:46:19', 0, NULL, '', '0');
INSERT INTO `sys_menu` VALUES (1015, '菜单修改', 102, 3, '', '', 1, 'F', '0', '0', 'system:menu:edit', '#', 0, '2021-11-12 10:46:19', 0, NULL, '', '0');
INSERT INTO `sys_menu` VALUES (1016, '菜单删除', 102, 4, '', '', 1, 'F', '0', '0', 'system:menu:remove', '#', 0, '2021-11-12 10:46:19', 0, NULL, '', '0');
INSERT INTO `sys_menu` VALUES (2017, '内容管理', 0, 4, 'content', NULL, 1, 'M', '0', '0', NULL, 'table', NULL, '2022-01-08 02:44:38', 1, '2022-07-31 12:34:23', '', '0');
INSERT INTO `sys_menu` VALUES (2018, '分类管理', 2017, 1, 'category', 'content/category/index', 1, 'C', '0', '0', 'content:category:list', 'example', NULL, '2022-01-08 02:51:45', NULL, '2022-01-08 02:51:45', '', '0');
INSERT INTO `sys_menu` VALUES (2019, '文章管理', 2017, 0, 'article', 'content/article/index', 1, 'C', '0', '0', 'content:article:list', 'build', NULL, '2022-01-08 02:53:10', NULL, '2022-01-08 02:53:10', '', '0');
INSERT INTO `sys_menu` VALUES (2021, '标签管理', 2017, 6, 'tag', 'content/tag/index', 1, 'C', '0', '0', 'content:tag:index', 'button', NULL, '2022-01-08 02:55:37', NULL, '2022-01-08 02:55:50', '', '0');
INSERT INTO `sys_menu` VALUES (2022, '友链管理', 2017, 4, 'link', 'content/link/index', 1, 'C', '0', '0', 'content:link:list', '404', NULL, '2022-01-08 02:56:50', NULL, '2022-01-08 02:56:50', '', '0');
INSERT INTO `sys_menu` VALUES (2023, '写博文', 0, 0, 'write', 'content/article/write/index', 1, 'C', '0', '0', 'content:article:writer', 'build', NULL, '2022-01-08 03:39:58', 1, '2022-07-31 22:07:05', '', '0');
INSERT INTO `sys_menu` VALUES (2024, '友链新增', 2022, 0, '', NULL, 1, 'F', '0', '0', 'content:link:add', '#', NULL, '2022-01-16 07:59:17', NULL, '2022-01-16 07:59:17', '', '0');
INSERT INTO `sys_menu` VALUES (2025, '友链修改', 2022, 1, '', NULL, 1, 'F', '0', '0', 'content:link:edit', '#', NULL, '2022-01-16 07:59:44', NULL, '2022-01-16 07:59:44', '', '0');
INSERT INTO `sys_menu` VALUES (2026, '友链删除', 2022, 1, '', NULL, 1, 'F', '0', '0', 'content:link:remove', '#', NULL, '2022-01-16 08:00:05', NULL, '2022-01-16 08:00:05', '', '0');
INSERT INTO `sys_menu` VALUES (2027, '友链查询', 2022, 2, '', NULL, 1, 'F', '0', '0', 'content:link:query', '#', NULL, '2022-01-16 08:04:09', NULL, '2022-01-16 08:04:09', '', '0');
INSERT INTO `sys_menu` VALUES (2028, '导出分类', 2018, 1, '', NULL, 1, 'F', '0', '0', 'content:category:export', '#', NULL, '2022-01-21 07:06:59', NULL, '2022-01-21 07:06:59', '', '0');
INSERT INTO `sys_menu` VALUES (2029, '问题修复', 1, 3, 'test', NULL, 1, 'M', '0', '0', NULL, 'bug', NULL, NULL, NULL, NULL, '', '1');

-- ----------------------------
-- Table structure for sys_role
-- ----------------------------
DROP TABLE IF EXISTS `sys_role`;
CREATE TABLE `sys_role`  (
  `id` bigint(20) NOT NULL AUTO_INCREMENT COMMENT '角色ID',
  `role_name` varchar(30) CHARACTER SET utf8 COLLATE utf8_general_ci NOT NULL COMMENT '角色名称',
  `role_key` varchar(100) CHARACTER SET utf8 COLLATE utf8_general_ci NOT NULL COMMENT '角色权限字符串',
  `role_sort` int(4) NOT NULL COMMENT '显示顺序',
  `status` char(1) CHARACTER SET utf8 COLLATE utf8_general_ci NOT NULL COMMENT '角色状态（0正常 1停用）',
  `del_flag` char(1) CHARACTER SET utf8 COLLATE utf8_general_ci NULL DEFAULT '0' COMMENT '删除标志（0代表存在 1代表删除）',
  `create_by` bigint(20) NULL DEFAULT NULL COMMENT '创建者',
  `create_time` datetime NULL DEFAULT NULL COMMENT '创建时间',
  `update_by` bigint(20) NULL DEFAULT NULL COMMENT '更新者',
  `update_time` datetime NULL DEFAULT NULL COMMENT '更新时间',
  `remark` varchar(500) CHARACTER SET utf8 COLLATE utf8_general_ci NULL DEFAULT NULL COMMENT '备注',
  PRIMARY KEY (`id`) USING BTREE
) ENGINE = InnoDB AUTO_INCREMENT = 13 CHARACTER SET = utf8 COLLATE = utf8_general_ci COMMENT = '角色信息表' ROW_FORMAT = Dynamic;

-- ----------------------------
-- Records of sys_role
-- ----------------------------
INSERT INTO `sys_role` VALUES (1, '超级管理员', 'admin', 1, '0', '0', 0, '2021-11-12 10:46:19', 0, NULL, '超级管理员');
INSERT INTO `sys_role` VALUES (2, '普通角色', 'common', 2, '0', '0', 0, '2021-11-12 10:46:19', 0, '2022-01-01 22:32:58', '普通角色');
INSERT INTO `sys_role` VALUES (11, '嘎嘎嘎', 'aggag', 5, '0', '0', NULL, '2022-01-06 14:07:40', NULL, '2022-01-07 03:48:48', '嘎嘎嘎');
INSERT INTO `sys_role` VALUES (12, '友链审核员', 'link', 1, '0', '0', NULL, '2022-01-16 06:49:30', NULL, '2022-01-16 08:05:09', NULL);

-- ----------------------------
-- Table structure for sys_role_menu
-- ----------------------------
DROP TABLE IF EXISTS `sys_role_menu`;
CREATE TABLE `sys_role_menu`  (
  `role_id` bigint(20) NOT NULL COMMENT '角色ID',
  `menu_id` bigint(20) NOT NULL COMMENT '菜单ID',
  PRIMARY KEY (`role_id`, `menu_id`) USING BTREE
) ENGINE = InnoDB CHARACTER SET = utf8 COLLATE = utf8_general_ci COMMENT = '角色和菜单关联表' ROW_FORMAT = Dynamic;

-- ----------------------------
-- Records of sys_role_menu
-- ----------------------------
INSERT INTO `sys_role_menu` VALUES (0, 0);
INSERT INTO `sys_role_menu` VALUES (2, 1);
INSERT INTO `sys_role_menu` VALUES (2, 102);
INSERT INTO `sys_role_menu` VALUES (2, 1013);
INSERT INTO `sys_role_menu` VALUES (2, 1014);
INSERT INTO `sys_role_menu` VALUES (2, 1015);
INSERT INTO `sys_role_menu` VALUES (2, 1016);
INSERT INTO `sys_role_menu` VALUES (2, 2000);
INSERT INTO `sys_role_menu` VALUES (3, 2);
INSERT INTO `sys_role_menu` VALUES (3, 3);
INSERT INTO `sys_role_menu` VALUES (3, 4);
INSERT INTO `sys_role_menu` VALUES (3, 100);
INSERT INTO `sys_role_menu` VALUES (3, 101);
INSERT INTO `sys_role_menu` VALUES (3, 103);
INSERT INTO `sys_role_menu` VALUES (3, 104);
INSERT INTO `sys_role_menu` VALUES (3, 105);
INSERT INTO `sys_role_menu` VALUES (3, 106);
INSERT INTO `sys_role_menu` VALUES (3, 107);
INSERT INTO `sys_role_menu` VALUES (3, 108);
INSERT INTO `sys_role_menu` VALUES (3, 109);
INSERT INTO `sys_role_menu` VALUES (3, 110);
INSERT INTO `sys_role_menu` VALUES (3, 111);
INSERT INTO `sys_role_menu` VALUES (3, 112);
INSERT INTO `sys_role_menu` VALUES (3, 113);
INSERT INTO `sys_role_menu` VALUES (3, 114);
INSERT INTO `sys_role_menu` VALUES (3, 115);
INSERT INTO `sys_role_menu` VALUES (3, 116);
INSERT INTO `sys_role_menu` VALUES (3, 500);
INSERT INTO `sys_role_menu` VALUES (3, 501);
INSERT INTO `sys_role_menu` VALUES (3, 1001);
INSERT INTO `sys_role_menu` VALUES (3, 1002);
INSERT INTO `sys_role_menu` VALUES (3, 1003);
INSERT INTO `sys_role_menu` VALUES (3, 1004);
INSERT INTO `sys_role_menu` VALUES (3, 1005);
INSERT INTO `sys_role_menu` VALUES (3, 1006);
INSERT INTO `sys_role_menu` VALUES (3, 1007);
INSERT INTO `sys_role_menu` VALUES (3, 1008);
INSERT INTO `sys_role_menu` VALUES (3, 1009);
INSERT INTO `sys_role_menu` VALUES (3, 1010);
INSERT INTO `sys_role_menu` VALUES (3, 1011);
INSERT INTO `sys_role_menu` VALUES (3, 1012);
INSERT INTO `sys_role_menu` VALUES (3, 1017);
INSERT INTO `sys_role_menu` VALUES (3, 1018);
INSERT INTO `sys_role_menu` VALUES (3, 1019);
INSERT INTO `sys_role_menu` VALUES (3, 1020);
INSERT INTO `sys_role_menu` VALUES (3, 1021);
INSERT INTO `sys_role_menu` VALUES (3, 1022);
INSERT INTO `sys_role_menu` VALUES (3, 1023);
INSERT INTO `sys_role_menu` VALUES (3, 1024);
INSERT INTO `sys_role_menu` VALUES (3, 1025);
INSERT INTO `sys_role_menu` VALUES (3, 1026);
INSERT INTO `sys_role_menu` VALUES (3, 1027);
INSERT INTO `sys_role_menu` VALUES (3, 1028);
INSERT INTO `sys_role_menu` VALUES (3, 1029);
INSERT INTO `sys_role_menu` VALUES (3, 1030);
INSERT INTO `sys_role_menu` VALUES (3, 1031);
INSERT INTO `sys_role_menu` VALUES (3, 1032);
INSERT INTO `sys_role_menu` VALUES (3, 1033);
INSERT INTO `sys_role_menu` VALUES (3, 1034);
INSERT INTO `sys_role_menu` VALUES (3, 1035);
INSERT INTO `sys_role_menu` VALUES (3, 1036);
INSERT INTO `sys_role_menu` VALUES (3, 1037);
INSERT INTO `sys_role_menu` VALUES (3, 1038);
INSERT INTO `sys_role_menu` VALUES (3, 1039);
INSERT INTO `sys_role_menu` VALUES (3, 1040);
INSERT INTO `sys_role_menu` VALUES (3, 1041);
INSERT INTO `sys_role_menu` VALUES (3, 1042);
INSERT INTO `sys_role_menu` VALUES (3, 1043);
INSERT INTO `sys_role_menu` VALUES (3, 1044);
INSERT INTO `sys_role_menu` VALUES (3, 1045);
INSERT INTO `sys_role_menu` VALUES (3, 1046);
INSERT INTO `sys_role_menu` VALUES (3, 1047);
INSERT INTO `sys_role_menu` VALUES (3, 1048);
INSERT INTO `sys_role_menu` VALUES (3, 1049);
INSERT INTO `sys_role_menu` VALUES (3, 1050);
INSERT INTO `sys_role_menu` VALUES (3, 1051);
INSERT INTO `sys_role_menu` VALUES (3, 1052);
INSERT INTO `sys_role_menu` VALUES (3, 1053);
INSERT INTO `sys_role_menu` VALUES (3, 1054);
INSERT INTO `sys_role_menu` VALUES (3, 1055);
INSERT INTO `sys_role_menu` VALUES (3, 1056);
INSERT INTO `sys_role_menu` VALUES (3, 1057);
INSERT INTO `sys_role_menu` VALUES (3, 1058);
INSERT INTO `sys_role_menu` VALUES (3, 1059);
INSERT INTO `sys_role_menu` VALUES (3, 1060);
INSERT INTO `sys_role_menu` VALUES (3, 2000);
INSERT INTO `sys_role_menu` VALUES (11, 1);
INSERT INTO `sys_role_menu` VALUES (11, 100);
INSERT INTO `sys_role_menu` VALUES (11, 101);
INSERT INTO `sys_role_menu` VALUES (11, 102);
INSERT INTO `sys_role_menu` VALUES (11, 103);
INSERT INTO `sys_role_menu` VALUES (11, 104);
INSERT INTO `sys_role_menu` VALUES (11, 105);
INSERT INTO `sys_role_menu` VALUES (11, 106);
INSERT INTO `sys_role_menu` VALUES (11, 107);
INSERT INTO `sys_role_menu` VALUES (11, 108);
INSERT INTO `sys_role_menu` VALUES (11, 500);
INSERT INTO `sys_role_menu` VALUES (11, 501);
INSERT INTO `sys_role_menu` VALUES (11, 1001);
INSERT INTO `sys_role_menu` VALUES (11, 1002);
INSERT INTO `sys_role_menu` VALUES (11, 1003);
INSERT INTO `sys_role_menu` VALUES (11, 1004);
INSERT INTO `sys_role_menu` VALUES (11, 1005);
INSERT INTO `sys_role_menu` VALUES (11, 1006);
INSERT INTO `sys_role_menu` VALUES (11, 1007);
INSERT INTO `sys_role_menu` VALUES (11, 1008);
INSERT INTO `sys_role_menu` VALUES (11, 1009);
INSERT INTO `sys_role_menu` VALUES (11, 1010);
INSERT INTO `sys_role_menu` VALUES (11, 1011);
INSERT INTO `sys_role_menu` VALUES (11, 1012);
INSERT INTO `sys_role_menu` VALUES (11, 1013);
INSERT INTO `sys_role_menu` VALUES (11, 1014);
INSERT INTO `sys_role_menu` VALUES (11, 1015);
INSERT INTO `sys_role_menu` VALUES (11, 1016);
INSERT INTO `sys_role_menu` VALUES (11, 1017);
INSERT INTO `sys_role_menu` VALUES (11, 1018);
INSERT INTO `sys_role_menu` VALUES (11, 1019);
INSERT INTO `sys_role_menu` VALUES (11, 1020);
INSERT INTO `sys_role_menu` VALUES (11, 1021);
INSERT INTO `sys_role_menu` VALUES (11, 1022);
INSERT INTO `sys_role_menu` VALUES (11, 1023);
INSERT INTO `sys_role_menu` VALUES (11, 1024);
INSERT INTO `sys_role_menu` VALUES (11, 1025);
INSERT INTO `sys_role_menu` VALUES (11, 1026);
INSERT INTO `sys_role_menu` VALUES (11, 1027);
INSERT INTO `sys_role_menu` VALUES (11, 1028);
INSERT INTO `sys_role_menu` VALUES (11, 1029);
INSERT INTO `sys_role_menu` VALUES (11, 1030);
INSERT INTO `sys_role_menu` VALUES (11, 1031);
INSERT INTO `sys_role_menu` VALUES (11, 1032);
INSERT INTO `sys_role_menu` VALUES (11, 1033);
INSERT INTO `sys_role_menu` VALUES (11, 1034);
INSERT INTO `sys_role_menu` VALUES (11, 1035);
INSERT INTO `sys_role_menu` VALUES (11, 1036);
INSERT INTO `sys_role_menu` VALUES (11, 1037);
INSERT INTO `sys_role_menu` VALUES (11, 1038);
INSERT INTO `sys_role_menu` VALUES (11, 1039);
INSERT INTO `sys_role_menu` VALUES (11, 1040);
INSERT INTO `sys_role_menu` VALUES (11, 1041);
INSERT INTO `sys_role_menu` VALUES (11, 1042);
INSERT INTO `sys_role_menu` VALUES (11, 1043);
INSERT INTO `sys_role_menu` VALUES (11, 1044);
INSERT INTO `sys_role_menu` VALUES (11, 1045);
INSERT INTO `sys_role_menu` VALUES (11, 2000);
INSERT INTO `sys_role_menu` VALUES (11, 2003);
INSERT INTO `sys_role_menu` VALUES (11, 2004);
INSERT INTO `sys_role_menu` VALUES (11, 2005);
INSERT INTO `sys_role_menu` VALUES (11, 2006);
INSERT INTO `sys_role_menu` VALUES (11, 2007);
INSERT INTO `sys_role_menu` VALUES (11, 2008);
INSERT INTO `sys_role_menu` VALUES (11, 2009);
INSERT INTO `sys_role_menu` VALUES (11, 2010);
INSERT INTO `sys_role_menu` VALUES (11, 2011);
INSERT INTO `sys_role_menu` VALUES (11, 2012);
INSERT INTO `sys_role_menu` VALUES (11, 2013);
INSERT INTO `sys_role_menu` VALUES (11, 2014);
INSERT INTO `sys_role_menu` VALUES (12, 2017);
INSERT INTO `sys_role_menu` VALUES (12, 2022);
INSERT INTO `sys_role_menu` VALUES (12, 2024);
INSERT INTO `sys_role_menu` VALUES (12, 2025);
INSERT INTO `sys_role_menu` VALUES (12, 2026);
INSERT INTO `sys_role_menu` VALUES (12, 2027);

-- ----------------------------
-- Table structure for sys_user
-- ----------------------------
DROP TABLE IF EXISTS `sys_user`;
CREATE TABLE `sys_user`  (
  `id` bigint(20) NOT NULL AUTO_INCREMENT COMMENT '主键',
  `user_name` varchar(64) CHARACTER SET utf8mb4 COLLATE utf8mb4_general_ci NOT NULL DEFAULT 'NULL' COMMENT '用户名',
  `nick_name` varchar(64) CHARACTER SET utf8mb4 COLLATE utf8mb4_general_ci NOT NULL DEFAULT 'NULL' COMMENT '昵称',
  `password` varchar(64) CHARACTER SET utf8mb4 COLLATE utf8mb4_general_ci NOT NULL DEFAULT 'NULL' COMMENT '密码',
  `type` char(1) CHARACTER SET utf8mb4 COLLATE utf8mb4_general_ci NULL DEFAULT '0' COMMENT '用户类型：0代表普通用户，1代表管理员',
  `status` char(1) CHARACTER SET utf8mb4 COLLATE utf8mb4_general_ci NULL DEFAULT '0' COMMENT '账号状态（0正常 1停用）',
  `email` varchar(64) CHARACTER SET utf8mb4 COLLATE utf8mb4_general_ci NULL DEFAULT NULL COMMENT '邮箱',
  `phonenumber` varchar(32) CHARACTER SET utf8mb4 COLLATE utf8mb4_general_ci NULL DEFAULT NULL COMMENT '手机号',
  `sex` char(1) CHARACTER SET utf8mb4 COLLATE utf8mb4_general_ci NULL DEFAULT NULL COMMENT '用户性别（0男，1女，2未知）',
  `avatar` varchar(128) CHARACTER SET utf8mb4 COLLATE utf8mb4_general_ci NULL DEFAULT NULL COMMENT '头像',
  `create_by` bigint(20) NULL DEFAULT NULL COMMENT '创建人的用户id',
  `create_time` datetime NULL DEFAULT NULL COMMENT '创建时间',
  `update_by` bigint(20) NULL DEFAULT NULL COMMENT '更新人',
  `update_time` datetime NULL DEFAULT NULL COMMENT '更新时间',
  `del_flag` int(11) NULL DEFAULT 0 COMMENT '删除标志（0代表未删除，1代表已删除）',
  PRIMARY KEY (`id`) USING BTREE
) ENGINE = InnoDB AUTO_INCREMENT = 12 CHARACTER SET = utf8mb4 COLLATE = utf8mb4_general_ci COMMENT = '用户表' ROW_FORMAT = Dynamic;

-- ----------------------------
-- Records of sys_user
-- ----------------------------
INSERT INTO `sys_user` VALUES (1, 'kkk', 'kkk3', '$2a$10$Jnq31rRkNV3RNzXe0REsEOSKaYK8UgVZZqlNlNXqn.JeVcj2NdeZy', '1', '0', '23412332@qq.com', '18888888888', '1', 'https://lonelykky.oss-cn-shanghai.aliyuncs.com/76233081-4a34-44e8-be02-1ea04aa70448.jpg', NULL, '2022-01-05 09:01:56', 1, '2022-01-30 15:37:03', 0);
INSERT INTO `sys_user` VALUES (3, 'sg3', 'weqe', '$2a$10$ydv3rLkteFnRx9xelQ7elOiVhFvXOooA98xCqk/omh7G94R.K/E3O', '1', '0', NULL, NULL, '0', NULL, NULL, '2022-01-05 13:28:43', NULL, '2022-01-05 13:28:43', 0);
INSERT INTO `sys_user` VALUES (4, 'sg2', 'dsadd', '$2a$10$kY4T3SN7i4muBccZppd2OOkhxMN6yt8tND1sF89hXOaFylhY2T3he', '1', '0', '23412332@qq.com', '19098790742', '0', NULL, NULL, NULL, NULL, NULL, 0);
INSERT INTO `sys_user` VALUES (5, 'sg2233', 'tteqe', '', '1', '0', NULL, '18246845873', '1', NULL, NULL, '2022-01-06 03:51:13', NULL, '2022-01-06 07:00:50', 0);
INSERT INTO `sys_user` VALUES (6, 'sangeng', 'sangeng', '$2a$10$Jnq31rRkNV3RNzXe0REsEOSKaYK8UgVZZqlNlNXqn.JeVcj2NdeZy', '1', '0', '2312321', '17777777777', '0', NULL, NULL, '2022-01-16 06:54:26', NULL, '2022-01-16 07:06:34', 0);
INSERT INTO `sys_user` VALUES (8, 'lonelykkk', 'lonelykkk', '123456', '0', '0', 'kkk@123.com', '13697220556', '0', NULL, NULL, NULL, NULL, NULL, 0);
INSERT INTO `sys_user` VALUES (9, 'weixin', 'weixin', '$2a$10$y3k3fnMZsBNihsVLXWfI8uMNueVXBI08k.LzWYaKsW8CW7xXy18wC', '0', '0', 'weixin@qq.com', NULL, NULL, NULL, -1, '2022-01-30 17:18:44', -1, '2022-01-30 17:18:44', 1);
INSERT INTO `sys_user` VALUES (10, 'kkkk', 'kkk', '$2a$10$ustbi2p1yeRItar4HPUzTuMbINihyZK.ww5SzpYxph3Cmtgw9XBju', '0', '0', '1232@qq.com', NULL, '1', 'https://lonelykky.oss-cn-shanghai.aliyuncs.com/b920a25d-c034-4907-a7b8-430e9d881d56.jpg', NULL, NULL, NULL, NULL, 0);
INSERT INTO `sys_user` VALUES (11, 'kkk1', 'kkk1', '$2a$10$I2bYhHfAFYdV3u1sPxhPBeryx09r.GfVNWNjbXYirxDWLY5wXfetW', '0', '0', '123@qq.com', NULL, NULL, NULL, NULL, NULL, NULL, NULL, 1);

-- ----------------------------
-- Table structure for sys_user_role
-- ----------------------------
DROP TABLE IF EXISTS `sys_user_role`;
CREATE TABLE `sys_user_role`  (
  `user_id` bigint(20) NOT NULL COMMENT '用户ID',
  `role_id` bigint(20) NOT NULL COMMENT '角色ID',
  PRIMARY KEY (`user_id`, `role_id`) USING BTREE
) ENGINE = InnoDB CHARACTER SET = utf8 COLLATE = utf8_general_ci COMMENT = '用户和角色关联表' ROW_FORMAT = Dynamic;

-- ----------------------------
-- Records of sys_user_role
-- ----------------------------
INSERT INTO `sys_user_role` VALUES (1, 1);
INSERT INTO `sys_user_role` VALUES (1, 2);
INSERT INTO `sys_user_role` VALUES (2, 2);
INSERT INTO `sys_user_role` VALUES (5, 2);
INSERT INTO `sys_user_role` VALUES (6, 12);

SET FOREIGN_KEY_CHECKS = 1;
